,Happiness_Score,Economy,Family,Health,Freedom,Trust,Generosity,Dystopia_Residual
Happiness_Score,1.0,0.7903220167261058,0.7392515774070011,0.7653843344336675,0.5668266730968932,0.4020322451472925,0.15684779640360808,0.5437376142982473
Economy,0.7903220167261058,1.0,0.6695396946678731,0.8370672306340119,0.36228284946133704,0.29418477531252873,-0.025530660919213456,0.06862402471718682
Family,0.7392515774070011,0.6695396946678731,0.9999999999999999,0.5883767772668264,0.45020820413712237,0.21356093757197214,0.0896288529724406,0.11967231447049492
Health,0.7653843344336675,0.8370672306340119,0.5883767772668264,0.9999999999999999,0.341199288361968,0.24958328549827463,0.07598731312234144,0.10085704595932671
Freedom,0.5668266730968932,0.36228284946133704,0.45020820413712237,0.341199288361968,1.0,0.5020539736587192,0.36175132859546105,0.09163094116341991
Trust,0.4020322451472925,0.29418477531252873,0.21356093757197214,0.24958328549827463,0.5020539736587192,0.9999999999999998,0.30592986119121846,-0.002909346053052708
Generosity,0.15684779640360808,-0.025530660919213456,0.0896288529724406,0.07598731312234144,0.36175132859546105,0.30592986119121846,0.9999999999999999,-0.13300140698224855
Dystopia_Residual,0.5437376142982473,0.06862402471718682,0.11967231447049492,0.10085704595932671,0.09163094116341991,-0.002909346053052708,-0.13300140698224855,1.0
