,Happiness_Score,Economy,Family,Health,Freedom,Trust,Generosity,Dystopia_Residual
Happiness_Score,1.0,0.7809655268660214,0.7406051972367849,0.7241995951050696,0.5682109041925176,0.395198583836911,0.18031852669717446,0.5304735177821581
Economy,0.7809655268660214,1.0,0.6452993885728924,0.8164780030856985,0.3702997074109541,0.3078851982442542,-0.01046543673659108,0.04005876007678146
Family,0.7406051972367849,0.6452993885728924,1.0,0.5311039876885534,0.44151821062286056,0.205605111871804,0.08751323770262151,0.14811703931607972
Health,0.7241995951050696,0.8164780030856985,0.5311039876885534,1.0,0.36047652802960545,0.2483346842002368,0.10833521806364545,0.01897932025476322
Freedom,0.5682109041925176,0.3702997074109541,0.44151821062286056,0.36047652802960545,0.9999999999999999,0.49352351748290535,0.3739161255744057,0.06278344120747192
Trust,0.395198583836911,0.3078851982442542,0.205605111871804,0.2483346842002368,0.49352351748290535,0.9999999999999999,0.27612270223810553,-0.03310456840262391
Generosity,0.18031852669717446,-0.01046543673659108,0.08751323770262151,0.10833521806364545,0.3739161255744057,0.27612270223810553,0.9999999999999998,-0.10130111246108817
Dystopia_Residual,0.5304735177821581,0.04005876007678146,0.14811703931607972,0.01897932025476322,0.06278344120747192,-0.03310456840262391,-0.10130111246108817,1.0
