,Happiness_Score,Economy,Family,Health,Freedom,Trust,Generosity,Dystopia_Residual
Happiness_Score,1.0,0.8124687539147399,0.7527366727658185,0.7819506248274725,0.5701371935357167,0.42907973709139857,0.15525583929953435,0.47535512427019044
Economy,0.8124687539147399,0.9999999999999998,0.6882963117654287,0.8430766396833713,0.36987339176336637,0.35094409943825267,-0.019011251403862887,0.024226419024083994
Family,0.7527366727658185,0.6882963117654287,1.0,0.6120800628772338,0.42496575616808485,0.23184138692200656,0.051692628407982846,0.07050575580062342
Health,0.7819506248274725,0.8430766396833713,0.6120800628772338,1.0,0.3498267885765557,0.27975197532808904,0.0631914909132795,0.05496328243346341
Freedom,0.5701371935357167,0.36987339176336637,0.42496575616808485,0.3498267885765557,1.0,0.49918278799748594,0.3160827111841572,0.08192597394802455
Trust,0.42907973709139857,0.35094409943825267,0.23184138692200656,0.27975197532808904,0.49918278799748594,1.0,0.294159452294364,-0.022755062941601054
Generosity,0.15525583929953435,-0.019011251403862887,0.051692628407982846,0.0631914909132795,0.3160827111841572,0.294159452294364,1.0,-0.1166267382997163
Dystopia_Residual,0.47535512427019044,0.024226419024083994,0.07050575580062342,0.05496328243346341,0.08192597394802455,-0.022755062941601054,-0.1166267382997163,1.0
