,Happiness_Score,Economy,Family,Health,Freedom,Trust,Generosity,Dystopia_Residual
Happiness_Score,0.9999999999999999,0.7938828678781275,0.7770577880638643,0.7798831492425831,0.5667418257199901,0.38561307086647867,0.07582369490389654,0.47393037513636516
Economy,0.7938828678781275,1.0,0.7549057272454567,0.8354621150416073,0.37907907217677167,0.2989198456834927,-0.07966231348976395,-0.03373016077024678
Family,0.7770577880638643,0.7549057272454567,1.0,0.719009459030856,0.447333163587702,0.18189946470087065,-0.04812645445432651,0.026889745977461514
Health,0.7798831492425831,0.8354621150416073,0.719009459030856,0.9999999999999999,0.39039477647695753,0.2952828124226793,-0.029510859651602165,-0.0057201292182454885
Freedom,0.5667418257199901,0.37907907217677167,0.447333163587702,0.39039477647695753,1.0,0.43884330641506725,0.2697418140765438,0.07752057908319135
Trust,0.38561307086647867,0.2989198456834927,0.18189946470087065,0.2952828124226793,0.43884330641506725,1.0,0.32653754340500746,-0.008120069432602989
Generosity,0.07582369490389654,-0.07966231348976395,-0.04812645445432651,-0.029510859651602165,0.2697418140765438,0.32653754340500746,1.0,-0.05123100569953436
Dystopia_Residual,0.47393037513636516,-0.03373016077024678,0.026889745977461514,-0.0057201292182454885,0.07752057908319135,-0.008120069432602989,-0.05123100569953436,1.0
