,Happiness,Economy,Family,Health,Freedom,Trust,Generosity,Dystopia_Residual
Happiness,1,0.780965527,0.740605197,0.724199595,0.568210904,0.395198584,0.180318527,0.530473518
Economy,0.780965527,1,0.645299389,0.816478003,0.370299707,0.307885198,-0.010465437,0.04005876
Family,0.740605197,0.645299389,1,0.531103988,0.441518211,0.205605112,0.087513238,0.148117039
Health,0.724199595,0.816478003,0.531103988,1,0.360476528,0.248334684,0.108335218,0.01897932
Freedom,0.568210904,0.370299707,0.441518211,0.360476528,1,0.493523517,0.373916126,0.062783441
Trust,0.395198584,0.307885198,0.205605112,0.248334684,0.493523517,1,0.276122702,-0.033104568
Generosity,0.180318527,-0.010465437,0.087513238,0.108335218,0.373916126,0.276122702,1,-0.101301112
Dystopia_Residual,0.530473518,0.04005876,0.148117039,0.01897932,0.062783441,-0.033104568,-0.101301112,1