,Happiness,Economy,Family,Health,Freedom,Trust,Generosity
Happiness,1,0.79623189,0.738676717,0.770166441,0.528127264,0.133337303,0.40660287
Economy,0.79623189,1,0.663450531,0.840539127,0.310478595,-0.015771594,0.319199694
Family,0.738676717,0.663450531,1,0.659483206,0.393041278,0.01431435,0.21641477
Health,0.770166441,0.840539127,0.659483206,1,0.336979254,0.017087208,0.314697654
Freedom,0.528127264,0.310478595,0.393041278,0.336979254,1,0.298656661,0.465679397
Trust,0.133337303,-0.015771594,0.01431435,0.017087208,0.298656661,1,0.361747886
Generosity,0.40660287,0.319199694,0.21641477,0.314697654,0.465679397,0.361747886,1