,Happiness_Score,Economy,Family,Health,Freedom,Trust,Generosity,Dystopia_Residual
Happiness_Score,0.9999999999999999,0.8021239467301905,0.7457601649725754,0.7758136033302458,0.5442799358332934,0.39215117227301066,0.13582474708113768,0.41975614337271105
Economy,0.8021239467301905,1.0,0.6720800199809622,0.8442732275946612,0.332275267665493,0.2852980334486077,-0.011240713190356154,-0.07695513328173136
Family,0.7457601649725754,0.6720800199809622,1.0,0.6672881523008511,0.4110874391406146,0.2267572936953249,0.01822561737715182,0.07292009037248179
Health,0.7758136033302458,0.8442732275946612,0.6672881523008511,1.0,0.355474840438998,0.31192343978139214,0.020751312489033287,-0.012741809842539115
Freedom,0.5442799358332934,0.332275267665493,0.4110874391406146,0.355474840438998,1.0,0.4666509935125397,0.29798820607518806,0.09050063817527919
Trust,0.39215117227301066,0.2852980334486077,0.2267572936953249,0.31192343978139214,0.4666509935125397,1.0,0.36030213813364553,-0.011036264717077734
Generosity,0.13582474708113768,-0.011240713190356154,0.01822561737715182,0.020751312489033287,0.29798820607518806,0.36030213813364553,1.0,-0.06839075347271228
Dystopia_Residual,0.41975614337271105,-0.07695513328173136,0.07292009037248179,-0.012741809842539115,0.09050063817527919,-0.011036264717077734,-0.06839075347271228,1.0
