,Happiness,Economy,Family,Health,Freedom,Trust,Generosity
Happiness,1,0.790839663,0.769874544,0.774608292,0.54906577,0.079892526,0.389289189
Economy,0.790839663,1,0.750688546,0.832765298,0.364155172,0.299141207,-0.078490432
Family,0.769874544,0.750688546,1,0.712252551,0.426716523,0.181739762,-0.046334199
Health,0.774608292,0.832765298,0.712252551,1,0.372045139,0.295981187,-0.027721556
Freedom,0.54906577,0.364155172,0.426716523,0.372045139,1,0.445747649,0.279436262
Trust,0.079892526,0.299141207,0.181739762,0.295981187,0.445747649,1,0.326860046
Generosity,0.389289189,-0.078490432,-0.046334199,-0.027721556,0.279436262,0.326860046,1