,Happiness,Economy,Family,Health,Freedom,Trust,Generosity,Dystopia_Residual
Happiness,1,0.790322017,0.739251577,0.765384334,0.566826673,0.402032245,0.156847796,0.543737614
Economy,0.790322017,1,0.669539695,0.837067231,0.362282849,0.294184775,-0.025530661,0.068624025
Family,0.739251577,0.669539695,1,0.588376777,0.450208204,0.213560938,0.089628853,0.119672314
Health,0.765384334,0.837067231,0.588376777,1,0.341199288,0.249583285,0.075987313,0.100857046
Freedom,0.566826673,0.362282849,0.450208204,0.341199288,1,0.502053974,0.361751329,0.091630941
Trust,0.402032245,0.294184775,0.213560938,0.249583285,0.502053974,1,0.305929861,-0.002909346
Generosity,0.156847796,-0.025530661,0.089628853,0.075987313,0.361751329,0.305929861,1,-0.133001407
Dystopia_Residual,0.543737614,0.068624025,0.119672314,0.100857046,0.091630941,-0.002909346,-0.133001407,1