,Happiness,Economy,Family,Health,Freedom,Trust,Generosity,Dystopia_Residual
Happiness,1,0.812468754,0.752736673,0.781950625,0.570137194,0.155255839,0.429079737,0.475355124
Economy,0.812468754,1,0.688296312,0.84307664,0.369873392,-0.019011251,0.3509441,0.024226419
Family,0.752736673,0.688296312,1,0.612080063,0.424965756,0.051692628,0.231841387,0.070505756
Health,0.781950625,0.84307664,0.612080063,1,0.349826789,0.063191491,0.279751975,0.054963282
Freedom,0.570137194,0.369873392,0.424965756,0.349826789,1,0.316082711,0.499182788,0.081925974
Trust,0.155255839,-0.019011251,0.051692628,0.063191491,0.316082711,1,0.294159453,-0.022755063
Generosity,0.429079737,0.3509441,0.231841387,0.279751975,0.499182788,0.294159453,1,0.294159453
Dystopia_Residual,0.475355124,0.024226419,0.070505756,0.054963282,0.081925974,-0.022755063,0.294159453,1